antonym_1,antonym_2,example_antonym_1,example_antonym_2,def1,def2
Positive,Negative,"He had a positive outlook on life. Thinking positive is very important. I am very positive about the interview. The positive feedback boosted his confidence. The positive attitude of the team contributed to their success.","She expressed a negative opinion about the proposal. I didn't like his negative attitude. The negative impact of the decision was evident. Her negative remarks affected the team morale. His negative outlook on life influenced those around him.","Expressing approval, favor, or confidence; showing a favorable attitude or outlook","Expressing disapproval, dissatisfaction, or pessimism; showing an unfavorable attitude or outlook"
Joy,Sorrow,"The joy on his face was evident. The children's laughter filled the room with joy. She couldn't help but feel joyous at the news of her promotion. The joy of accomplishing their goal was incomparable.","She couldn't hide her sorrow after the loss. The sorrowful melody brought tears to her eyes. His face showed deep sorrow as he bid farewell to his best friend. Her sorrow lingered for days, making it hard to cope.","A feeling of great pleasure, happiness, or delight; an emotion associated with positive experiences","A feeling of deep distress, sadness, or grief; an emotion associated with negative experiences"
Love,Hate,"They were deeply in love. Love is the most powerful emotion. She expressed her love for him in a heartfelt letter. Their love for each other grew stronger with each passing day.","He couldn't hide his hate towards his rival. His hate-filled words stung like a venomous snake. Hate only breeds more hate, not understanding. The hatred between the two families was longstanding.","An intense feeling of affection, care, and attachment towards someone or something","A strong feeling of hostility, aversion, or intense dislike towards someone or something"
Hope,Despair,"She clung to hope during difficult times. The hope of a better tomorrow kept them going. Despite the challenges, hope remained their guiding light. The hope for a cure brought optimism to the patients.","He felt a sense of despair after the failure. The overwhelming sense of despair engulfed him. The news of the tragedy left everyone in a state of despair. The feeling of despair was evident in her eyes.","A feeling of optimism and expectation for a positive outcome or future event","A feeling of utter hopelessness, loss of faith, or complete lack of hope"
Confidence,Doubt,"He spoke with confidence during the presentation. His confidence in his abilities was admirable. She couldn't help but feel a surge of confidence after the success of her project. The leader's confidence inspired the team.","She doubted her ability to complete the task. Doubt crept into her mind as she faced the challenges ahead. His doubt in the plan was evident from his hesitant expressions. The doubt about the effectiveness of the product affected its sales.","A belief in oneself or someone else's abilities, assurance, or self-assurance","A lack of certainty, suspicion, or skepticism about a person, situation, or outcome"
Pleasure,Pain,"The food gave him great pleasure. Taking a leisurely walk brought her pleasure. Despite the pain, he smiled through the tears. The pleasure of achieving a personal milestone was immeasurable.","He winced in pain as he stubbed his toe. The sharp pain shot through his leg. The pain of loss was unbearable. The pain in her heart was mirrored in her eyes.","A feeling of enjoyment, satisfaction, or delight derived from a positive experience","A physical or emotional sensation of discomfort, suffering, or distress"
Optimism,Pessimism,"Despite the challenges, she remained optimistic. Optimism is the key to overcoming obstacles. His pessimism often led to negative outcomes. Pessimism can be a self-fulfilling prophecy. The optimistic outlook of the team boosted their morale.","His pessimism often led to negative outcomes. Pessimism can be a self-fulfilling prophecy. Despite the challenges, she remained optimistic. Optimism is the key to overcoming obstacles. The pessimistic view of the situation led to a lack of action.","A positive mindset that expects favorable outcomes and looks for the best in every situation","A negative mindset that expects unfavorable outcomes and focuses on the worst aspects of a situation"
Excitement,Apathy,"He couldn't contain his excitement about the trip. The excitement in the air was palpable. She felt a sense of apathy towards the event. Apathy towards important matters can lead to dire consequences. The excitement of the new product launch was contagious.","A feeling of enthusiasm, eagerness, or intense interest in something","A lack of interest, enthusiasm, or concern; a feeling of indifference or disinterest"
Kindness,Cruelty,"Her kindness towards others was admired. Kindness can brighten even the darkest days. He was known for his cruelty towards animals. Cruelty towards any living being is unacceptable. Her kindness towards the homeless touched many hearts.","Showing benevolence, compassion, or goodwill towards others","Showing indifference, malice, or a willingness to cause harm to others"
Courage,Fear,"He showed courage in the face of danger. Courage is not the absence of fear, but the strength to face it. Her fear of heights prevented her from climbing the ladder. Overcoming fear is a courageous act. His courage inspired others to stand up for what is right.","The ability to face danger, difficulty, or pain without being overcome by fear","An unpleasant emotion caused by the belief that someone or something is dangerous, likely to cause pain, or a threat"
Generosity,Greed,"His generosity knew no bounds. Generosity is a virtue that benefits both the giver and the receiver. Her greed for power led to unethical decisions. Greed can blind one's sense of right and wrong. The generosity of the community helped those in need.","A readiness to give or share without expecting anything in return","An excessive desire for wealth, possessions, or material gain at the expense of others"
Forgiveness,Resentment,"She forgave him for his mistakes. Forgiveness is liberating and heals the soul. The act of forgiveness brought closure to their painful past. Despite the hurt, she chose forgiveness over resentment. ","He held deep resentment towards his former friend. Resentment can consume one's happiness. The lingering resentment poisoned their relationship. His resentment towards authority figures stemmed from past experiences.","The act of pardoning or ceasing to feel anger or resentment towards an offender","The feeling of bitterness or indignation resulting from a perceived wrong or offense"
Faith,Doubt,"She had faith in her abilities. Faith can move mountains and conquer challenges. The unwavering faith of the team led to their success. He couldn't help but doubt the truth of the story. Doubt gnawed at the edges of his belief.","Complete trust or confidence in someone or something, especially without proof or evidence","Uncertainty or lack of conviction about the truth, reality, or reliability of something"
Compassion,Indifference,"His compassion towards the needy was commendable. Compassion has the power to change lives. The heartfelt compassion of the volunteers touched many hearts. She displayed indifference towards the suffering of others. Indifference to the struggles of fellow human beings is disheartening.","A feeling of deep sympathy and sorrow for the suffering or misfortune of others","A lack of interest, concern, or sympathy for the feelings or circumstances of others"
Happiness,Sadness,"The news brought great happiness to the family. The pursuit of happiness is a universal quest. The happiness on their faces was contagious. Her face was filled with sadness after the breakup. Coping with sadness is a natural part of life. The sadness in his eyes was palpable.","A state of being characterized by feelings of joy, contentment, or pleasure","A state of unhappiness, sorrow, or melancholy"
Bravery,Cowardice,"He showed bravery in the face of danger. Bravery is not the absence of fear but the strength to face it. Her cowardice prevented her from confronting the bully. Overcoming cowardice requires inner strength. The bravery of the firefighters saved lives.","The quality of being brave or courageous in the face of danger or adversity","The lack of courage to face danger, difficulty, or pain; fearfulness"
Confidence,Insecurity,"He exuded confidence during the interview. Confidence is magnetic and inspires others. Her confidence in herself was unwavering. She struggled with feelings of insecurity about her appearance. Overcoming insecurity is a journey towards self-acceptance.","A feeling of self-assurance, self-reliance, or belief in one's abilities","A lack of confidence or assurance; uncertainty about oneself or one's abilities"
Freedom,Imprisonment,"They fought for freedom from oppression. Freedom is a fundamental human right. The freedom to express oneself is invaluable. He felt a sense of imprisonment in his mundane routine. The feeling of imprisonment was suffocating.","The state of being free from coercion, restraint, or captivity; the power to act or speak without hindrance or restraint","The state of being confined or trapped, especially in a prison or a restrictive situation"
Victory,Defeat,"Their victory in the tournament was well-deserved. Victory is the sweet reward of hard work. The taste of victory was exhilarating. He felt a sense of defeat after failing to achieve his goal. Defeat can be a stepping stone towards future success. The team's defeat taught them valuable lessons.","The act of winning or being triumphant in a contest, conflict, or competition; the opposite of defeat or loss","The act of being beaten or overwhelmed in a contest, conflict, or competition; the opposite of victory or success"
Satisfaction,Discontent,"He expressed satisfaction with the outcome of the project. Satisfaction comes from knowing one's efforts were meaningful. The satisfaction of a job well done was evident in his smile. Her constant complaining showed her discontent with the current situation. Overcoming discontent requires introspection and action.","A feeling of fulfillment or contentment with one's accomplishments, circumstances, or experiences","A feeling of dissatisfaction, unhappiness, or discontent with one's current situation or circumstances"
Confusion,Clarity,"The instructions were unclear, leading to confusion. Confusion can be resolved through clear communication. The clarity of her explanations made the topic easy to understand. She provided clarity on the complex topic. Clarity is a valuable gift in times of uncertainty.","A state of being bewildered, uncertain, or unclear about something","A state of being clear, intelligible, or easily understood; the opposite of confusion or ambiguity"
Friendship,Enmity,"Their friendship had endured for years. Friendship is the bond that transcends time and distance. The trust in their friendship was unshakable. He harbored enmity towards his rival. Enmity can lead to a cycle of conflict and hostility.","A bond of mutual affection, trust, and support between individuals or groups","A feeling of hostility, hatred, or antagonism towards someone or something"
Justice,Injustice,"The court's ruling ensured justice for the victim. Justice is the cornerstone of a fair society. The pursuit of justice requires unwavering dedication. He saw the verdict as an injustice. Fighting against injustice is a noble endeavor.","Fairness and impartiality in the treatment of others or the distribution of resources or opportunities","The lack of fairness, equity, or adherence to principles of law or morality"
Faithfulness,Betrayal,"Her faithfulness to her partner was unwavering. Faithfulness is the foundation of a strong relationship. The betrayal shattered their trust. He felt betrayed by his closest friend. Betrayal can leave deep emotional scars.","The quality of being loyal, reliable, and steadfast in one's commitments or promises","The act of breaking trust or confidence by being disloyal or unfaithful"
Courage,Timidity,"She faced her fears with courage. Courage is not the absence of fear but the triumph over it. His timidity prevented him from speaking up. Overcoming timidity requires stepping out of one's comfort zone. The courage to stand up for one's beliefs is commendable.","The ability to face danger, difficulty, or pain without being overcome by fear","The lack of courage to face danger, difficulty, or pain; fearfulness"
Admiration,Disapproval,"She looked at him with admiration. Admiration is a genuine appreciation of someone's qualities. The admiration in their eyes was evident. He voiced his disapproval of the new policy. Disapproval can be a catalyst for positive change.","A feeling of approval, respect, or high regard for someone or something","A feeling of disapproval or criticism towards someone or something"
Gratitude,Ingratitude,"He expressed gratitude for their help. Gratitude is the best attitude. The feeling of gratitude warmed their hearts. Her ingratitude towards her parents hurt them deeply. Ingratitude blinds us to the blessings around us.","A feeling of thankfulness and appreciation for kindness or favors received","A lack of thankfulness or failure to recognize and appreciate kindness or favors received"
Harmony,Conflict,"Their voices blended in perfect harmony. Harmony is the symphony of unity. The harmony among the team members was remarkable. He couldn't escape the conflict between his values and desires. Resolving conflicts requires open communication and understanding.","The state of peaceful coexistence, agreement, or concord between individuals or groups","The state of disagreement, opposition, or hostility between individuals or groups"
Humility,Pride,"Her humility was evident in the way she treated others. Humility is the hallmark of true greatness. His pride prevented him from admitting his mistakes. Pride can blind us to our shortcomings. The humility of a leader inspires loyalty and respect.","A modest or low view of one's own importance or status; the opposite of arrogance or conceit","A feeling of deep pleasure or satisfaction derived from one's own achievements, qualities, or possessions"
Wisdom,Foolishness,"Her wisdom guided her in making wise decisions. Wisdom is the compass of life. His foolishness often led to regrettable choices. Wisdom comes from learning from our mistakes. The wisdom of the elders is a treasure trove of life lessons.","The quality of having experience, knowledge, and good judgment; the opposite of foolishness or ignorance","A lack of good judgment, common sense, or practical intelligence; the opposite of wisdom"
Beauty,Ugliness,"The beauty of the sunset left them in awe. Beauty can be found in the simplest things. The ugliness of the crime scene was unsettling. Ugliness is only skin deep; true beauty lies within. The beauty of nature has a calming effect.","The quality of being pleasing or attractive to the senses, especially sight; the opposite of ugliness or unattractiveness","The quality of being displeasing or unattractive to the senses, especially sight; the opposite of beauty"
Honesty,Dishonesty,"Her honesty in admitting her mistake was commendable. Honesty is the cornerstone of trust. The consequences of dishonesty can be severe. Dishonesty erodes the foundation of relationships. The honesty of the witness was crucial to the case.","The quality of being truthful, sincere, and free from deceit or fraud","The act of being deceitful, untruthful, or lacking in integrity"
Hopelessness,Optimism,"She felt a sense of hopelessness after repeated failures. Even in the darkest times, hopelessness can be replaced by a glimmer of hope. His optimism in the face of challenges was inspiring. Optimism is the light that guides us through the darkest nights.","A feeling of utter hopelessness, loss of faith, or complete lack of hope","A positive mindset that expects favorable outcomes and looks for the best in every situation"
Laughter,Sobbing,"Their laughter filled the room with joy. Laughter is contagious and healing. She couldn't control her sobbing after the emotional revelation. Sobbing can be cathartic and release pent-up emotions. Laughter is the best medicine to lift spirits.","The act of expressing amusement, mirth, or joy through vocal sounds","The act of expressing grief, sadness, or distress through vocal sounds, especially while crying"
Loneliness,Companionship,"He struggled with feelings of loneliness. Loneliness can be alleviated through meaningful connections. The companionship of his friends brought him comfort. Companionship is the antidote to loneliness. Her loneliness was palpable, even in a crowded room.","The state of feeling alone, isolated, or without companions","The state of having the company, support, or presence of others"
Patience,Impatience,"She waited with patience for her turn. Patience is a virtue that brings peace to the mind. His impatience got the better of him, and he left in frustration. Impatience can lead to hasty decisions and regrets. Patience is the key to achieving long-term goals.","The ability to endure waiting, delay, or provocation without becoming annoyed or anxious","The lack of ability to endure waiting, delay, or provocation; restlessness or eagerness for something to happen quickly"
Peace,Conflict,"They sought peace in the midst of war. Peace is the path to progress. The conflict between the two parties escalated into violence. Conflict resolution requires open dialogue and empathy. The pursuit of peace requires collective effort.","The state of freedom from war, violence, or hostility","The state of disagreement, opposition, or hostility between individuals or groups"
Strength,Weakness,"He demonstrated great physical strength. Strength comes from facing challenges head-on. Her weakness in the face of adversity surprised her. Weakness can be a stepping stone towards growth and improvement. The strength of their friendship carried them through tough times.","The quality or state of being physically strong or mentally resilient; the opposite of weakness or fragility","The quality or state of lacking physical strength, resilience, or capacity; the opposite of strength"
Tenderness,Coldness,"He touched her cheek with tenderness. Tenderness is the language of love. The coldness of his response hurt her deeply. Coldness can distance people emotionally. The tenderness in his voice melted her heart.","A feeling of gentleness, affection, or warmth towards someone or something","A lack of feeling or emotional warmth; a distant or indifferent attitude towards someone or something"
Trust,Distrust,"She placed her trust in her closest friend. Trust is the foundation of any relationship. He couldn't help but distrust his new colleague. Distrust can lead to a breakdown of teamwork and collaboration. The trust between them was unshakable.","The reliance or confidence in the integrity, ability, or character of someone or something","A lack of confidence, suspicion, or skepticism about the integrity, ability, or character of someone or something"
Contentment,Restlessness,"He felt contentment in his simple life. Contentment is finding joy in the present moment. She couldn't shake the restlessness in her heart. Restlessness can be a sign of yearning for change or growth. Contentment is the key to lasting happiness.","A feeling of satisfaction, happiness, or ease with one's current situation or circumstances","A feeling of dissatisfaction or unease with one's current situation or circumstances"